area_sqft,num_bedrooms,num_bathrooms,age,price
2248.3570765056165,4,3,23,357271.9707896113
1930.8678494144076,1,3,21,294558.1909245296
2323.844269050346,3,1,0,392213.20063692867
2761.514928204013,5,3,17,469463.90494741075
1882.923312638332,3,3,5,331045.2886526797
1882.9315215254096,3,2,26,295581.04804392724
2789.6064077536957,1,1,1,442106.36143289355
2383.717364576454,1,1,14,328620.88026601844
1765.262807032524,1,1,28,240681.3680040012
2271.2800217929826,2,3,25,350755.8791761129
1768.291153593769,4,1,20,295289.0210300904
1767.1351232148716,2,3,13,305367.9198829164
2120.981135783017,4,3,4,365496.1732857812
1043.359877671101,4,2,5,219074.76790603081
1137.5410837434836,3,2,5,204105.5458695089
1718.8562353795137,3,2,29,265729.3374771202
1493.5844398327881,4,2,21,258651.99116289435
2157.123666297637,4,2,29,340736.1891515778
1545.9879622393946,2,3,17,263599.3704025724
1293.8481493323543,2,3,13,215431.1809487217
2732.824384460777,3,1,9,432228.3077563132
1887.1118497567322,1,3,13,308986.5770056031
2033.764102343962,4,3,12,344033.3714689177
1287.6259068932716,2,2,29,194833.17698715735
1727.8086377374086,3,3,2,291166.4689836731
2055.461294854933,2,2,29,325715.58774885186
1424.5032112888484,4,1,5,266741.001055695
2187.849009172836,4,1,28,369078.42337173293
1699.6806550405975,5,3,7,330935.73557055346
1854.1531251033616,1,1,11,270626.46646949946
1699.1466938853016,5,3,12,318158.5026844012
2926.139092254469,3,1,10,454740.77621595224
1993.2513876310331,2,2,11,335568.08321518596
1471.1445355220499,3,2,0,253660.2774485317
2411.2724560515944,4,2,16,384999.31956534117
1389.5781750144888,5,2,15,238338.61171520644
2104.431797502378,5,3,10,369780.9714127266
1020.1649380601123,5,1,12,188729.9624611811
1335.9069755507849,3,3,17,218369.55527422507
2098.4306179345617,4,2,10,376662.6837326195
2369.2332899977055,2,3,27,369283.80046352226
2085.6841405949854,2,1,11,330774.9664878149
1942.1758588058797,3,3,5,352218.0230133612
1849.4481522053557,5,1,8,327379.8007512327
1260.7390048162863,1,3,15,194624.04870739154
1640.0778958026458,3,1,3,262409.5869452203
1769.6806145201062,3,1,2,292001.5182545819
2528.561113109458,4,2,27,415938.3229715033
2171.8091447842307,2,1,15,322218.010560773
1118.479922318633,3,2,23,187703.2607277737
2162.0419846973973,3,2,26,347445.5491354652
1807.4588597918419,5,2,25,307972.2773732088
1661.5389998470207,5,3,29,289420.68326495896
2305.8381444204338,1,3,24,354631.76079179934
2515.4997612479756,4,3,11,428917.77290542284
2465.6400595580994,1,3,10,404936.75065844774
1580.3912383886807,5,1,4,278855.768476026
1845.3938120743928,2,1,24,277413.3205795468
2165.631715701782,5,3,17,357262.3530152958
2487.7725635611796,4,1,18,377828.4226623116
1760.412881077355,5,1,22,293845.2218530834
1907.1705116680914,4,2,22,319109.37243966124
1446.8325129969858,4,2,5,281331.55472192355
1401.8966879596646,4,2,21,263282.4205240543
2406.262911197099,4,2,17,407738.0433862197
2678.1200142854113,4,1,25,425989.659586792
1963.994939209833,2,3,5,331198.88943921315
2501.766448946012,1,1,3,373352.686710068
2180.818012523817,3,1,11,349462.3358211545
1677.4401226974378,1,1,18,259919.78591719797
2180.697802754207,4,2,28,356487.48897341144
2769.0182832329847,2,2,26,405289.40101811825
1982.0869804450242,5,2,28,333853.3035393384
2782.3218279070034,2,3,1,462432.20230472775
690.1274479551278,4,1,16,134818.01839441655
2410.9512521876118,2,3,10,390364.1322743684
2043.5235341190855,2,2,10,335184.3697873048
1850.4963247670662,4,3,20,321547.5791041839
2045.8803882677512,2,1,15,309467.4705858486
1006.2155426995536,3,1,1,191282.472018754
1890.164056081244,3,2,1,324430.6570047145
2178.5562857558734,2,2,22,319511.1041859186
2738.947022370758,5,3,7,467825.98300523206
1740.8648908631762,4,2,12,285092.83677602216
1595.7531985534063,3,2,9,282363.91513371194
1749.1214782077318,5,1,7,314527.115506703
2457.701058851037,2,2,29,364300.2527155961
2164.3755548298423,5,2,3,399261.5466573628
1735.1198981164807,1,1,14,261147.8937932838
2256.633716556678,3,1,29,326382.8299238329
2048.5387746740203,2,3,0,343886.0307992649
2484.3224952664445,4,2,10,430976.9161626996
1648.9734530613239,2,1,6,260451.26170830714
1836.1689267011159,4,3,16,319977.55189274566
1803.9459234339213,2,3,26,287830.6547602346
1268.2425259339407,5,2,19,237335.8637356405
2148.060138532288,5,2,23,383103.6187694242
2130.5276360899447,5,3,17,358416.112844259
2002.5567283212304,1,1,21,281418.87844285654
1882.7064333124265,4,3,28,298208.42052584264
1292.3146289747929,5,2,21,229688.01013605008
1789.6773386173204,1,1,11,283245.37467442255
1828.6427417366153,4,1,8,301379.06546252716
1598.8613653891905,2,3,4,287162.80986781797
1919.3571441669953,1,2,9,301454.8383243267
2202.0254284072694,3,3,3,366613.84732898115
2943.0929506052653,1,3,4,450150.24302511127
2087.2889064159194,1,3,27,296417.63102429465
2128.775195361382,4,1,27,327257.74522186804
1962.7770421169164,2,1,9,308925.04456010426
1040.6143923504792,3,2,10,201552.7886198764
1986.7430622753916,5,2,20,346002.34146319114
2030.1151049705131,5,3,23,339527.85322477395
3231.621056242643,1,3,9,509029.8112701181
1903.8195176094387,4,3,27,330688.3903333382
2150.7736711668063,4,2,7,386955.22488532134
1982.6441151473784,5,1,1,350052.5571565708
1415.660981190234,3,1,22,232532.0314755851
2571.4114072575103,2,3,7,432211.26475750474
2375.966516343387,3,3,15,374324.2582197242
2395.5159735215234,2,3,26,364003.32515663153
1545.3062726026305,5,3,21,299796.12823462725
2701.3971554680497,2,2,4,431399.21221899847
1299.0744686038597,4,1,26,181371.65664356799
2293.428546900135,1,3,24,345004.6639311531
3095.227812904989,1,2,28,465930.426926907
1504.7318374346557,5,3,2,294374.8799832073
1716.851135198614,4,3,11,312481.3097477984
2049.8256825438207,3,1,12,339456.0723581304
1748.2621729419004,4,3,12,305289.9514269622
1224.6682844669335,1,1,9,184706.31280589628
2034.2814874030137,1,1,3,320076.6328699948
1468.8481431369476,4,1,8,259505.01069984093
2236.796215317591,4,2,21,364860.20049610833
1540.2878828830985,1,2,23,228394.74765928942
2774.96720250877,3,1,22,419359.6190301081
1608.3733538318816,5,3,26,288558.8721755917
1838.9692418971622,5,1,1,337637.705755704
2406.758608684835,4,3,18,387053.7076363707
1384.5678417830222,5,1,0,260793.55309659368
2113.729967302065,1,3,24,320190.2938207042
2653.571377141214,1,2,28,383092.5765484203
1196.2583827193862,4,3,6,239612.47718378587
2092.3169292661523,4,1,16,340978.7140053515
2129.9413971242116,4,2,2,372781.9348631836
2390.9114358886554,3,3,19,382829.6223084676
1381.5246445609591,5,3,19,235496.5084500377
1339.7716934578618,4,3,20,217462.27080305477
2260.970782808449,2,3,29,351241.7128881876
2148.492336616593,2,3,2,363542.9712573829
2125.2464251729384,1,2,2,344773.5858394516
2173.2241047484877,5,2,16,372128.3441329023
1659.9876392107547,4,2,6,297943.8199153483
2116.1268485805017,2,2,26,329909.2610232631
2146.5362366493405,5,1,25,353426.62922141515
1642.824290986816,1,2,13,265232.73715108354
2932.8872555723783,3,3,16,473447.7067481227
2236.9164604558937,5,3,17,383133.6516631863
1404.3482513986755,5,2,12,262194.26633136376
2328.276804316915,3,3,19,369079.7418326643
1512.6591648863393,5,2,28,253500.40544383184
2393.542301871226,1,3,19,369007.05836708425
2579.297789503702,1,1,20,381537.8517445654
1589.6588408241448,3,1,26,243184.63732359183
2481.6880646221607,4,2,17,391971.36259158206
2206.390463468249,2,2,3,367722.66498444445
2411.030079997245,4,2,0,423996.79606558225
2948.396491326974,5,3,17,509296.37865156843
1877.3059419985648,2,2,0,320013.651265672
1623.1319178212552,3,1,25,250484.4060151031
1555.2427851872383,3,3,25,244156.12268198424
1592.0948575172808,2,2,12,273334.4073212026
1961.4491452929478,1,3,19,304895.7015626824
2170.575987408322,2,3,19,345720.1298495028
2138.3453996650096,5,2,22,355811.2479679629
2413.591624518012,1,3,9,379059.0480133532
2006.5009459389535,3,1,26,313657.8092313515
2726.7670385786587,2,1,10,413800.6495602129
1867.671583381022,4,3,8,347805.05609874113
3360.0845832948094,4,2,8,562487.9520696051
2312.8336738825033,5,3,4,409584.4356137046
1571.4212217918587,4,1,25,244074.53761004843
1464.5537509694439,2,3,0,240531.00276186244
2241.2362076215927,2,3,16,345471.2924183966
1888.2686073370746,4,1,21,312339.40602938994
2357.000247046046,2,3,1,396503.4556459134
2236.6188122867725,5,3,23,383829.35749607673
1963.5855436715635,1,2,12,285682.0351974929
1576.6031409657976,5,2,8,286932.314943843
1242.5763876570677,5,1,28,223459.186211381
1776.7425239664894,2,1,3,288951.1045417799
2428.199397161736,1,1,4,363706.96222802054
2107.046872065102,2,2,10,336941.0075013363
1377.130610644006,3,1,23,208259.41741294842
2086.590462925591,2,1,18,321725.3600382926
2192.658689864418,2,1,20,332104.2572685399
1558.0712818994334,2,2,2,270743.6589257379
2076.8625529727638,1,3,11,317150.14667826344
2029.1043592229998,2,1,25,296878.48819679895
1428.5148510846884,1,3,18,234581.57107669435
2178.8936801741415,4,1,18,338691.2514817664
2280.3922631841174,3,3,12,368627.7193172178
2541.5256215876384,1,2,27,374821.8163380664
2526.9010260174514,4,2,6,428702.4522934556
1311.1653160214546,1,1,14,191986.2989757905
1531.0874800424385,1,3,22,231478.79317997728
2257.51763360433,3,2,6,380759.90065620595
2256.8929754561045,5,1,25,374030.29633601435
2257.523843153024,5,1,7,376536.35982005595
3926.365745327361,1,2,4,611798.0570053837
2285.4452553465835,2,2,20,367936.94830204477
2567.7828200902995,4,1,13,415408.5023999336
2477.0008817466014,2,3,3,398151.74072410504
2325.6956256528993,2,3,22,352193.42475966277
1842.3653776798271,1,3,9,294947.43223885546
2379.4846102466336,1,1,19,361481.1645856713
1613.587392731214,1,2,14,248830.55041121593
1881.5906966299956,1,1,17,280730.92429355864
1757.3182260854483,5,2,19,294834.3170910792
2040.9370696931612,1,3,12,332571.73678373965
3157.329283336754,5,3,28,499542.80678885954
1066.367403704126,5,2,7,210510.14571290257
2343.1300951872568,1,2,8,372168.66289855144
1193.642064405174,3,1,15,177651.9946775768
1764.0340671052832,4,3,18,305744.72156264953
2544.475298483683,2,1,15,380280.5591086347
2032.1400095477313,5,1,6,354786.4954212508
1461.127611035347,4,1,13,247048.58557818265
1642.348145370016,3,3,27,286010.5700589873
2339.798874467338,2,1,13,358438.61927810166
1634.8166841414318,2,1,24,261849.01635004822
2108.2292947909873,5,1,26,347903.91713048186
2022.7859199519069,1,1,3,308803.29828548874
1674.1998261970914,3,1,25,261438.08318216127
3071.972044662663,5,1,14,497951.7092360213
2316.9595111590056,3,3,2,398565.5015812632
987.4287066711964,1,1,4,153175.3961263468
2093.227157384714,1,2,0,354885.84994116664
1669.106767615806,5,1,2,314219.99605033814
2426.216667398112,1,1,14,364450.3157913327
1603.7396307836498,4,3,23,291252.0922982428
1942.6317792665504,2,3,26,301937.559330811
2252.4936394902284,5,2,7,404450.2955721459
2432.8775970850606,3,2,28,375714.64543798333
1399.8517964721118,4,3,3,271316.64541892253
1832.7493820795257,5,3,1,343898.01950250106
1762.5273444195218,1,1,28,248732.11520166768
1673.335383713144,1,3,23,256105.62616085153
2882.7271201405483,1,2,23,422111.7496961983
2202.490855480478,1,1,9,332562.9416528408
1369.5580228324775,3,2,3,243666.15326000992
2458.9309735273882,4,1,2,415736.75619713124
3061.0780985063166,2,3,1,498655.9245809128
2516.2326302755737,3,2,24,404365.2198795931
1240.3150170229933,3,1,16,212318.43574324538
1757.8829635668744,2,1,22,262319.16897477745
2633.455574593311,2,3,20,425836.1751635161
1646.1652671906097,1,3,23,269054.99631434603
2221.909714073114,3,3,19,341048.19416174595
2387.3170267146684,5,2,22,405020.454857863
1536.5347642109587,2,1,12,236150.3726583288
1970.2373219690999,2,3,4,339743.078508598
379.3663299654638,4,2,29,88487.32890128388
1487.8061793328552,5,2,20,254401.00095482272
1873.7159243034198,5,2,29,291734.11765535537
1376.1084090175752,2,3,8,246170.60223479493
2816.2056519658177,1,3,24,425984.87261970877
1284.9293110196836,4,1,28,189455.00911392627
1779.9777566515081,5,1,24,320492.3085523544
2065.3702886430456,2,3,27,324649.73741902236
2720.6366445330577,5,2,21,453596.4970812102
1282.0689244102803,4,2,5,253968.51618716255
2581.58187607748,4,2,4,430629.041883157
2005.1165305097936,3,1,24,310272.0206973558
1509.2456744760245,2,2,9,236393.63203360606
2231.0517371316355,4,1,7,367178.2760968935
2099.529847786735,3,1,6,348586.07717270264
1699.8915614206026,3,2,6,275130.8875417659
2034.9010424950095,5,2,5,356872.2609174706
1807.3432015691199,5,3,20,308822.14063599077
2056.758672625624,3,3,28,327334.723350047
2331.0653372605234,5,2,19,396606.813205732
2793.008408072676,4,1,2,470972.789254666
1381.0922505865756,1,1,18,212552.00403576787
3066.5166873281332,4,1,21,495498.6715649437
1023.9561002387491,3,1,14,179865.86957264642
1924.1074524822084,3,1,3,340889.4768612754
2294.1586032422883,4,3,27,373918.8156989901
2140.495933867516,5,2,11,370141.178537622
1688.6502400897032,5,3,5,324370.60964705586
1895.9388748213623,3,1,18,297626.71947327844
1753.4995326705837,2,1,3,304950.57718833804
1705.3176215278943,5,1,14,307307.47796053626
2424.8010485105124,4,1,8,408622.93871857197
2178.5077429825237,5,2,4,387290.3548877921
1653.545202369673,4,1,12,276557.0086413023
2449.799937716625,3,2,22,392083.24070317135
2153.649760438305,5,1,25,338776.4895472761
2406.43105941948,4,2,17,409908.29424733215
2314.8144209618063,3,3,29,361645.7960904172
1585.502494538964,2,1,29,233076.44151325186
1719.9094799015152,4,2,4,298090.4112232944
2373.646802561631,2,3,24,375476.8830154368
2305.1851327167324,2,1,15,350240.35377912654
1989.549203017926,1,1,26,290724.6683557399
2058.663691654391,5,1,18,351773.48843793257
2638.8324478942122,4,2,13,427748.5460482464
1704.214305582085,2,2,24,249596.8546281728
2273.548690585019,1,3,29,352551.3027531983
1898.903673783053,3,2,15,308912.5607271671
1891.15939838639,4,2,26,308722.39791841485
2549.388425993595,2,1,14,397462.9091455067
2412.708174494015,5,1,21,381169.2248751201
2406.754818000319,1,1,3,379039.88406824676
2652.7394035771645,2,1,6,418702.17589812103
2010.5019208163794,5,1,15,334139.981145413
2340.976485647482,2,1,23,338981.11299874505
1844.866621703272,4,1,21,304588.8487350635
2162.0831762442212,4,3,20,372589.596518582
1934.9284728161576,4,3,21,327825.17609635164
2048.497982496359,1,3,20,299930.04395595693
2297.5785127184568,4,3,7,386663.4487360212
1590.8896583832638,5,1,16,272112.211664249
3046.19363784273,2,3,15,495575.243088017
1496.991309250149,3,1,26,227881.18976653361
1392.9056936061338,5,3,22,248850.16481293805
2579.055436750034,5,2,9,423323.467515744
2395.831346981468,4,3,9,403007.8541461191
2312.0599085260774,1,3,26,334279.6227390033
2314.17275463214,2,1,1,362894.114885593
1993.8766135765427,1,3,29,296480.9988380688
1551.3728142570842,2,2,8,253094.2800824509
2037.9022790968631,2,1,16,330480.28639124293
1661.4191442439442,1,1,10,264992.90536366636
2487.5598667088757,5,3,9,427245.14062822796
1926.4713092489308,2,1,21,281602.51796993444
1587.2514016037442,1,1,24,240114.12959720357
1839.3070791735033,2,1,16,300296.4867708603
2206.4657271378123,3,1,3,342427.3766352165
1718.1377235980126,5,1,15,297649.2347794189
1588.8898022167843,4,1,19,260014.68725355036
2121.843605745956,2,2,14,341967.74226249283
2122.4832855543614,3,3,24,359999.17407476925
1746.5284123144352,4,2,26,279938.69165388733
1764.4808471908386,4,1,20,267065.14193198667
2116.0249686788184,2,1,4,345393.8223033154
1275.957829251338,1,3,5,230293.3150737427
1296.2681128117224,2,2,16,206202.61910656063
1640.777889373782,3,3,0,290066.3086046707
1893.2764241440764,4,2,24,304818.8695678345
2155.4537827990025,2,1,18,337220.1210911627
2737.678108474776,1,3,3,433507.1068583666
2428.8298116010096,2,3,16,389412.0747435799
1920.0307350182864,5,1,8,335682.6394101423
1990.4918960486557,1,3,23,301219.98828307074
1498.7353176810957,3,2,1,274623.22091968666
1990.743432003805,4,2,7,339425.71580192883
1855.6706805399308,2,2,14,291244.73647916684
2161.3592801690447,1,2,6,348979.9205253542
1586.3845282238385,5,1,26,253888.42599188923
2259.673257120586,1,3,5,355148.78665986465
2766.369456501289,5,2,0,466352.2755617574
1945.6199257715712,3,1,14,320533.0979985012
2200.8558610494706,4,3,22,363676.0094766079
2345.0719958555565,3,3,25,359624.64791754284
1799.389764057082,2,1,6,298246.550231653
2112.0462409052084,1,1,28,294651.51452002686
2006.2962003908974,5,2,29,321427.64927026577
2048.838049274416,5,3,24,347568.92180239287
1613.4951080722667,1,3,16,268611.5023055189
2012.2550871294713,1,1,1,313688.641104455
2248.999145622725,2,3,26,352903.2604845646
2725.571803897521,3,2,8,450506.5707891377
2479.6354130426034,5,3,28,413778.04493645456
3076.5912287557785,2,1,8,491599.4008101094
1616.3262185559752,3,1,12,257977.77273707348
2436.1603183603393,2,2,5,382990.69932354754
2091.671002869176,5,2,5,361120.9838701265
3094.901466608836,1,3,19,470990.5358383275
1595.8508573224242,1,3,19,238107.1620199583
1580.139078909612,3,1,20,251496.27095509507
1700.303677277989,4,2,2,307415.4357889473
938.0521378450965,3,2,16,175693.55370862488
1737.1224891596194,4,2,16,298279.8164563033
1620.433669223151,2,3,11,266703.53182485816
2075.1968932381037,2,2,15,331388.0260300424
2170.87798788858,5,1,14,355529.7579843076
2938.085419607943,4,1,12,472931.4060609483
2475.2119190930252,5,3,22,419075.8001999096
1711.5481721687984,1,3,0,289025.40180682106
1550.792664325821,4,2,16,271569.55059823295
2245.9595857532527,3,3,2,379053.47770586
1339.883396489679,1,1,25,199502.823501547
2915.7293829271766,1,2,14,462781.0969330336
2589.7200603606434,3,1,3,405831.2476055106
1765.4121739476477,1,2,3,273055.8461326047
1143.4327354545612,4,3,17,212545.74039842802
2676.9361870827065,5,2,16,443774.9182568772
1942.730077373691,1,2,18,312773.6356637815
2618.908155986731,4,1,10,430034.0666322542
1202.7861706028166,2,1,19,198543.37812768208
1700.3124885231136,4,2,2,286155.63441393105
2002.6218498590915,5,3,7,371134.97231218725
2023.490296882371,4,3,13,341768.3763397725
1774.9672642603782,3,1,25,265929.66394286015
2311.4249661737495,5,3,0,415230.1646619412
1466.1897853087028,2,1,13,217082.6313989945
1928.8102574893533,3,3,1,343549.3938766215
2060.1478158559494,4,2,28,331329.32204556034
2257.2194170293747,5,1,22,371844.83503627894
2355.807439044445,2,1,3,385641.4260779958
1437.6789540810655,3,2,23,247199.66357410137
1232.9429146321888,2,1,26,177104.32670395286
2638.8384109492545,4,3,28,427999.2680397529
2166.157005989796,2,3,18,347253.4329818192
1625.756731721723,1,1,5,258639.65482154785
2775.5759877612613,3,3,24,442462.374808849
2057.8373171464295,2,1,0,351580.6310176128
2589.6485920319133,4,2,16,418650.52011989406
2033.7592407050545,4,1,7,328406.5270737214
3030.3739624409936,2,2,18,459977.3566799902
2877.6704212216023,4,3,20,476223.2325185944
1875.5179257604632,5,2,0,345560.98395054124
2485.785475477178,5,3,4,434391.8279166267
2322.6879747925736,5,1,26,363438.22353478963
2684.3157787661744,1,3,15,417860.22803223145
1517.5382697099478,2,1,5,255075.80320923027
2343.0257299992195,1,1,7,363112.5800508432
2529.212243424794,4,2,12,416448.53320216964
1120.6302567884427,1,2,15,175560.95136124102
1408.3707436671125,4,2,29,231864.04121564102
980.3839111199497,4,2,2,200554.5559801691
1865.2965827777211,3,3,18,297351.43790646695
2358.7711278979814,5,3,11,413588.932690846
2751.178526048014,4,3,15,451270.8142225402
2037.0473902098877,3,1,26,321763.29459158075
2814.307772785646,5,3,10,482475.3523353497
1309.9492708925543,4,3,9,255047.18285211208
1148.3087803224225,4,3,24,201428.50317786587
1972.2261505516906,1,2,19,294376.784206639
2192.0327244696537,1,3,3,371147.4211330114
1983.6526259529535,5,1,11,345711.2457770981
966.2789499800617,4,2,22,165396.69717295188
1955.4399802436058,2,1,1,328085.74142274563
1347.7652497475733,1,3,23,200231.7401278573
2334.836274415019,5,2,21,391282.4225403681
2183.299123048424,4,1,18,371261.6147658577
1530.0601068363223,4,3,24,247396.1921490678
1743.0665413316533,2,1,4,281902.16198208265
1470.3932390555242,5,1,7,273241.70226734894
1968.660451363414,4,1,6,342746.05105115887
2477.571160250619,1,3,13,374623.3349639841
1507.1369768322281,2,3,23,224112.64383908405
2252.023257758922,5,1,22,379310.9821837426
1734.8711908137795,2,2,2,284626.5300540286
1603.563583868828,1,2,17,236511.71250035107
1946.4848200227211,5,3,15,360475.2197311298
1482.378838790313,2,3,22,237653.84896586515
1723.1753473264089,3,3,18,288638.6843757771
1401.061053705576,1,3,18,217761.16360432107
2982.3625664581946,1,3,17,445714.5643012975
2017.6317759858644,1,2,19,310601.73589182354
1650.1372460037073,3,3,15,284615.0921198123
2106.989955367111,3,1,7,346335.40655846096
1943.8359751545852,4,1,27,305012.1658804252
1889.5152002333884,2,2,0,314504.0835416254
2307.0833500217127,4,1,16,382987.33639873104
2378.7538550236527,2,2,11,376200.1476214869
1734.7494261947363,3,2,29,268771.80354387156
1712.09087967766,3,1,20,275112.5635004867
1862.474151424178,4,3,10,330450.73202043056
849.0394176322077,5,1,4,195978.67322023556
1242.4044689007237,4,1,26,184547.00256037552
2683.4371337222624,2,2,11,426314.64444201195
2822.4838567506417,4,1,16,444116.52070787456
1875.4819802218108,1,2,5,289901.4316857223
2288.2784815278833,2,3,0,379671.130168739
2155.625077271768,2,3,4,360090.55567558284
3539.440404227619,5,3,24,574106.751393377
2559.787455717288,3,1,27,373395.05620080826
1936.0412042596167,2,2,13,303395.3423421643
1522.229779699787,3,3,4,277346.68246973265
1196.7768398712137,4,2,21,199547.2214728455
2101.7318179336116,1,2,23,300511.93364287657
1621.8246273578484,5,3,26,260512.37102874785
1288.873145201163,3,3,0,237699.03729642087
1676.7135578787368,2,2,29,239210.74169230234
1459.2259981928025,3,3,17,239644.5708978198
2843.5708175362824,2,2,15,439817.4195976459
2440.819878474725,3,2,8,394524.69300577976
1996.0136793416914,2,3,18,307139.6729626606
2739.972069445013,4,1,21,411637.3947644197
2038.684153823809,2,3,4,345025.7361250478
1569.3578993358683,2,1,26,238731.95703846493
2761.5620386348287,1,2,1,433066.85600528057
2269.455021842329,2,2,29,336960.4963118066
1481.3769228367719,1,1,14,222434.64358237703
1904.830660958196,5,2,6,358312.4349098519
1562.1908733076214,1,1,3,232051.5530578855
1308.600134517832,4,1,0,239145.1229189491
2463.088773765821,1,2,12,361843.58642354596
2954.708320235065,5,1,19,481029.43262261536
1300.7162130904294,4,3,21,229467.8480256843
2281.4846183452855,3,3,6,388052.61388115364
1674.6787154390865,3,2,14,279933.0329417737
1756.437308117652,1,2,22,270972.67875468294
1703.8030378805654,1,1,13,262351.78532776947
1568.004615160092,5,1,22,274105.77185061463
2024.2608139724134,5,1,18,328383.77519689256
1584.524941794481,2,1,21,251410.4499189236
2135.2284128899196,5,3,28,350460.63453859795
1974.8809452754315,2,3,23,302983.4463650749
1880.5259765667952,4,2,19,315987.3222585492
1546.218168979201,1,1,28,218351.9079773729
1711.6143347158336,4,1,23,265423.5821850503
2377.695612912878,5,2,17,398521.54901919275
2250.4585938121904,4,1,9,388651.14224052336
1511.2223776007245,4,1,8,249399.99102476775
2049.666152714613,4,1,24,340502.1153173192
2375.6935616858946,5,1,7,402537.04973871924
1165.2973594393143,4,1,25,168417.0555815456
2271.6800961899676,2,2,29,326284.69709366607
1668.6881205270765,5,1,28,264068.4427017096
2285.2993342965797,4,2,9,379755.60713665956
1618.3704217287416,5,1,16,279508.43067305785
1097.5589496677405,3,3,1,187399.04115254537
1186.2287810584187,2,3,5,214802.36108353935
2024.0424733306909,4,3,25,324055.4659163548
2129.861250860741,3,3,4,379584.4133451218
1547.8416874477957,3,2,27,241074.4859097296
2319.296229388687,5,2,29,386522.89612563036
1169.23996886552,3,1,8,213889.48512897093
1966.9601006763417,2,3,4,342076.7475361134
1394.4919001187718,2,2,17,217109.71758819092
1674.0819460989205,1,1,25,232320.29033762484
2023.699335658207,2,1,19,305505.1673558479
1569.7933173580238,3,2,8,276231.3713574928
1807.7222278850872,2,3,16,287851.38148522144
2503.14640460722,5,1,26,400079.3359551805
1711.5540652384257,1,3,16,271269.04794915835
2417.846056032571,3,3,11,391427.989144407
1435.1465726711908,1,3,6,229390.90301738743
2264.9020889576414,3,1,26,343952.6745296063
2720.78431032895,5,3,2,476459.43469885894
764.1777499363554,1,1,9,125165.51729046974
1601.5523722647617,4,3,1,306751.7215892298
2288.53606359027,3,1,24,340489.781332824
1898.4773069785037,4,3,2,335250.7467273399
2185.5729366856544,1,2,15,324128.4176272172
1698.0074066420898,4,3,1,328625.5850122277
2043.29489373645,4,3,27,333891.5281584422
1922.1613823039602,1,1,23,277885.50029804424
2583.8910308299037,5,1,9,434361.3982646206
2127.2104216506063,4,3,5,366924.8631104146
2168.801331037601,4,2,21,369762.8948451004
1794.0615169387663,5,2,25,307219.49408900226
1756.1968879637532,4,1,10,298825.4384923425
1783.7209060901896,4,2,22,284105.5717020228
2197.2260711891486,4,3,6,371764.58576180984
1789.5077595898686,2,1,26,261137.08862242257
2144.8874284482063,5,3,28,352133.19633151265
3037.7003993227195,4,1,14,475180.61644294235
2435.562351715846,5,1,5,412624.7725616614
1836.9882339160795,3,1,19,287583.95480465307
2600.6069610819723,3,1,26,397308.89836689853
1795.9623134892242,4,2,8,308755.152309641
980.9377324110731,5,3,21,182864.65291506067
1495.9568445412979,5,3,19,262864.3178212822
1064.6040394870722,5,3,11,229620.3332153227
1824.2432579793456,2,1,18,266518.9118332844
2009.2091895947758,3,2,19,326213.20142212906
2838.218656137641,5,3,2,499528.2617183901
2163.463686882081,5,2,14,370506.79827395553
1890.449735595568,2,1,1,327045.750923387
2414.702790591745,2,3,29,373422.6085190387
894.4323454960575,5,2,20,192593.88230745512
2117.807279054283,1,1,1,326960.4518389937
2385.4325969434835,5,2,21,390275.43544258835
1260.7068771100792,5,3,2,262981.40315331204
2571.8770216034645,2,3,5,418166.8968673276
2169.2482037472073,2,1,14,352443.88481100125
1792.3560430495993,5,1,26,298070.41029374924
2316.3909330531424,5,1,9,383212.8977594042
3135.3464289021977,5,2,8,507333.8002498893
2090.9331275292475,2,2,0,346857.58320595446
2124.110293150168,5,2,15,363725.3126771929
1770.319550229878,5,1,5,319685.5917675656
1575.0778152676041,4,3,8,299768.57802769967
2415.167908272123,1,3,26,372866.31928075774
1571.9580870455663,3,2,3,270404.7027334706
2035.7831186096962,1,2,26,285229.27377341024
1761.1712766174417,4,3,27,280434.4801425256
2239.489912873196,3,3,1,378355.4698777656
2166.8310526434743,5,2,28,351757.34241613094
2518.7699721289496,4,2,3,431266.1172089941
1744.9918005726265,5,3,0,324739.09411693417
1865.0625323533143,2,1,18,287963.29956413026
1510.6181421088463,4,2,25,254213.12277491746
1777.8533699619443,2,3,24,280311.44432025054
2188.650246522426,4,3,9,367211.307008237
2378.494308322676,4,3,20,398452.413500761
1538.9173379111874,2,3,14,275850.2969743453
2434.8029600528303,3,1,26,373479.4122770536
2677.8189294024755,1,3,21,377942.08840385865
2206.7174516118503,5,2,18,385816.4134622466
2938.397906279033,4,1,15,462732.2081748611
1613.1054004482135,5,3,20,311622.93697218894
1377.6726483442915,2,1,26,203614.53176530334
1110.6398755478608,5,2,23,186148.97439232087
2748.0221557445916,2,3,21,407356.34846210125
2327.182828177029,5,2,3,424874.83185331314
1972.2076645447726,1,3,1,336690.1995408886
2139.98431315991,1,3,29,339457.83583165344
1437.2554763508117,1,3,24,217897.56630835732
3222.875989808413,1,3,12,499466.09963746514
2064.6105909876137,1,3,27,304464.4007265565
2054.6973973024465,1,1,0,318621.7071827748
2362.883311949346,2,3,16,372308.2012478237
2240.5046158683567,4,3,12,384850.3257034938
2111.9420121395656,5,1,3,361752.2939518138
1604.762772277344,1,1,6,233821.52237286177
2235.734178567998,2,1,16,344758.89312534145
2941.012248237517,2,1,8,449889.8812486932
2672.7100230774886,2,1,3,391912.12621222256
2796.5933133196986,4,1,18,450414.6709045249
1744.3921617844073,5,3,0,321578.2338864908
1505.1975898707096,4,3,9,282597.53302751377
1937.1065399501758,3,2,3,337344.46205768624
2027.8624561443473,2,3,8,338415.26853688044
2547.0957592354744,3,3,12,443632.5422888861
1153.7676851425904,1,1,13,173084.63427166478
2764.7751597303068,1,1,9,418059.8782845601
1920.9960507105052,4,3,5,349986.13182074495
1786.55946502629,5,2,15,313429.4461328056
1493.9478123699164,3,1,5,266697.10722942755
1172.5716640671153,5,3,16,214997.69053431207
2411.585291980957,4,3,9,399416.0493225002
2036.658983594202,1,2,17,316756.9424523925
1355.019550129473,5,2,26,224404.8231260349
1352.4606139681919,5,1,21,240760.07815965594
1832.107650354936,1,2,17,282116.1760153441
2834.5107626446966,3,3,2,466831.73153642786
1870.2043243181977,1,3,19,292402.350250064
1248.428523440947,5,2,26,207718.35405829965
1877.1284679570279,3,2,20,291570.2709309172
1863.6382151261648,3,2,24,292373.85488480405
651.5566785292142,1,2,27,90122.77997010434
1972.8525667410938,5,1,14,333091.4996412855
1884.532734895661,4,2,14,324211.06987308024
2348.103182406709,5,1,3,409500.1415114893
2924.4780474726726,2,3,28,461365.37520438235
2563.2825147738786,4,2,26,406339.52374463173
1865.5556547225847,3,1,8,319178.98252022895
1446.7370456291649,4,2,26,249017.81197331368
3286.67990162493,3,3,25,536941.758076671
2029.609217007244,3,3,18,332568.8023520639
2006.964645956473,4,3,23,330241.1096789411
1987.9374564449984,3,2,27,322367.5606891871
2099.0423803839276,3,2,16,343510.6827750018
1927.8197940380287,2,1,10,316989.5612735433
1713.1689965598819,5,3,24,306343.33746387734
1726.570529379804,5,2,8,292317.9584929756
1983.6233648920008,2,3,9,331506.72250411194
1728.2876144331176,4,3,17,302955.3011444825
1643.5771086614177,1,1,19,242067.63532385227
2053.2151138459485,1,1,12,309259.83653565845
1872.5113912895724,1,1,7,273555.2734154926
2751.9964942913443,2,1,6,441341.2433160849
674.515095803494,2,3,16,126714.94865145904
2545.7534259612307,3,1,20,405882.58086815884
2623.0425962488143,1,1,22,368668.8341945696
963.3048837959252,4,1,14,179767.07746484148
1828.6562029598256,4,1,19,296151.83706850826
1814.2795670021042,1,3,14,287779.81514957093
1296.2441526410894,1,1,0,209205.0265543545
1611.0916562045622,1,3,24,249299.82770548563
1444.7120772670855,2,2,13,233478.08038014703
2876.1352217118115,2,3,4,457101.13400621485
2467.8391965737305,2,3,10,400040.1336739215
2635.7775474970795,5,1,15,432224.88675320696
2360.8360320216175,4,2,1,406091.4685919538
1435.4741143913852,4,2,7,229043.0023983064
1737.7398668601131,3,2,10,299487.34086470405
2244.687280613959,2,2,28,333956.45591862604
1388.9360955540274,5,3,17,245458.87859292145
2356.499215086194,5,2,2,424300.51743141055
1879.8373009209324,4,3,29,314539.25241566915
1812.5895962252011,2,3,25,279615.2374710316
2355.4799841017457,3,3,0,392800.3038200617
2222.13165574302,2,2,10,357100.0557082467
1819.51691709046,1,1,15,273158.59840944514
2579.664901682124,2,1,17,402793.07808223634
1459.4683362000515,1,2,29,203682.89528140283
2307.967803472132,1,1,15,357144.3918694697
2296.550628984192,3,1,22,349680.0643142711
1845.226780343005,4,3,9,313525.6992060265
2163.066511121059,2,3,17,333737.14911338605
1374.4432118073487,1,2,5,223542.36637974615
2462.0135096034505,2,2,18,381046.88134993025
1907.5489317785054,4,1,3,332810.9511742836
1738.6384897404803,4,3,26,289692.0331498876
2524.5046129184448,5,2,12,438048.87709841004
1647.8281547286203,4,2,23,270963.2822246673
1295.76935181822,3,2,13,202802.64012401886
1221.685413238048,1,2,2,203641.8451010493
2303.00497567282,5,2,9,378582.9594732582
1359.7853237518584,3,2,5,244681.70837275576
2877.3970909921823,2,1,0,469181.4936386765
959.035296058139,1,3,22,138593.04954589566
2848.228184145019,4,3,23,474819.79448567133
2105.5087336013094,1,2,26,317054.6224874807
1951.6434440648038,2,3,13,330211.3181638711
1727.540456595525,5,3,7,323626.707053675
2199.5680571760354,5,3,18,369407.5568188871
1981.1826487875758,5,2,13,353385.55159627774
2551.650941008261,4,2,9,419701.6320835557
2057.1138243310197,3,3,16,341545.9187106865
2075.1508807309388,3,3,8,350959.1221816046
1818.193893893072,1,2,28,274376.0426519298
1971.5271881394663,4,1,5,344032.34828015324
2153.9008844460295,5,3,10,381279.4746837807
1144.9158036716872,5,1,24,180421.29861535155
1325.9072889471436,2,3,6,226333.81867677954
2371.6320470113574,2,1,16,370587.0299465478
2085.432719063971,5,1,27,340216.0104700615
1908.0083318236605,5,1,27,295769.03042942047
2009.2169665326967,4,2,0,337316.6652552156
2173.7908526808355,3,1,21,339823.7194036999
1730.1201598453192,2,1,4,271147.4522996401
1610.8476372988437,3,1,8,259419.18098645078
2097.922627548841,4,3,17,362014.47142015264
1510.813611192484,5,1,23,268044.42948302935
2204.126377857236,3,3,26,342911.9364082225
1148.7081978810797,5,1,20,204858.62660604023
2514.5778186628218,5,1,1,432244.20613957965
2236.2987412065213,1,2,28,324202.77013401303
2128.0148671569377,3,3,25,340608.21483510366
2491.345491972757,3,1,10,406266.8130743151
2832.7372222312883,5,3,26,457971.3398673973
2507.1850325090654,4,3,27,389424.97953119915
1079.5628843341774,1,2,5,196834.53198616422
1360.2115166321491,5,2,25,248925.94673972286
1687.5907111521606,2,2,7,267702.22796033014
2013.0455251054168,2,2,3,333713.148853572
2258.8295102345614,1,2,17,352531.4481810453
1637.1280934232673,4,2,27,274659.6534587505
2093.383382238539,5,2,10,370627.64043507376
1622.3085338233386,3,2,4,280844.0111575834
1694.241098504026,1,1,14,271609.2040262235
1296.6694515758888,4,3,27,225309.00646097792
1538.3833769445478,3,2,17,249207.91394847527
1324.1576971918332,2,2,1,240134.41186723096
1512.0633735113336,2,3,21,243570.09244621423
2526.82089830392,3,1,10,407521.1120181242
1525.3005555840284,1,3,25,231826.57535351635
3316.1910324186956,2,3,24,514596.41060047346
2246.6589504404446,5,2,12,376814.28003207466
2092.418061847437,3,3,3,346751.64540541545
1570.8211099093933,3,3,21,275764.4937187449
2350.1549397044955,2,2,6,381819.086573566
1712.181086881113,1,2,28,254935.63580625274
2061.0049073226805,5,2,10,343553.1438966258
3280.0422691343974,1,2,21,501473.1714573046
1951.9700501376751,4,3,23,320980.6510670936
2574.6366631428377,4,3,3,435533.3178033352
1648.4117874370563,2,1,27,241228.03643923855
1982.5057547515191,2,1,14,297796.0611073026
2885.400317817755,2,3,0,473792.73069040716
1686.5164711061163,4,1,22,272214.08719577256
2906.2242789984643,1,3,2,475137.6009021085
2353.8759677277376,1,1,13,369614.84018055536
1718.766612052866,2,2,5,300630.14973634575
2316.2038695277606,5,1,17,361385.43063520297
2486.277224813365,1,2,24,358789.91542357195
2310.9049811085983,4,2,0,377886.87952806614
1214.8876400547717,3,2,5,208297.72326386545
1636.4314120875656,3,2,5,276969.52970409655
1876.2406822242476,3,1,20,298541.71848590655
1962.7832854499768,5,3,15,342218.16047257115
2310.336048775339,2,2,28,342029.7066068144
2088.8505004666267,4,1,4,357345.22190199164
1332.3278206449495,5,2,16,227556.0766446643
2190.0989255029817,4,1,9,356328.9072958086
2305.2928726419113,4,1,27,355358.36463811295
2279.89522396552,2,1,20,342960.26370851457
2540.3903627773107,3,3,17,412428.09431885206
2416.961077274452,2,1,6,397350.65948849823
2229.5900396142183,5,1,2,398121.8675529437
1964.9171442706765,5,3,12,343644.47139568214
1169.5195332420044,5,3,14,227014.63939178595
2214.809109566293,2,1,19,333126.97506402276
2103.8438435815556,4,3,18,349835.05137202586
2135.7894185976866,4,2,2,374693.5710478621
1361.6257120898454,1,2,3,206046.06128376772
1459.4717297958687,5,3,4,293927.90334944514
2526.576426666452,4,3,0,456921.97190712136
1980.2224230716724,1,1,3,307734.9580540327
2340.7503486863125,4,3,11,396018.90805176855
2014.1591880652306,5,1,27,328294.32068187126
2014.8780697478726,3,2,26,325225.570231783
2469.141902987999,5,3,23,410528.3482800274
1741.9776358913132,2,1,9,286836.0970447144
2048.0603884704915,4,1,22,332694.00499510614
1768.8623556474788,4,2,24,314145.4677871687
1782.7518862838422,2,3,20,281126.16279095336
1845.4139382656804,2,2,28,257452.08626264372
2111.0668858168565,3,1,25,309330.64166567335
1760.6256891682613,4,1,19,288413.13574924076
2627.8780627867604,4,3,23,437860.53035822156
1552.696348890248,3,1,24,234579.36092932994
1906.5641779193204,1,3,12,300275.3021891448
1780.1344708629126,3,2,22,291468.59800275264
2723.4889421768667,5,3,13,454271.0153177454
2098.277388255787,4,3,22,343228.9142464199
2515.9222697343175,2,1,4,387911.07358404505
1257.219813481514,5,1,3,253765.2529510527
2133.5251329346293,4,3,13,380845.49805815803
2444.8153978117184,3,1,9,377128.15977682715
2041.141994637712,5,1,16,342549.4442057746
2532.7401875326755,4,1,9,430183.6178805508
1741.3557749498138,1,3,25,266190.31807869446
2704.67372009279,1,1,6,410608.6656839276
3149.449061809625,2,3,15,479955.7380753348
1818.5807197801705,4,1,0,331316.55348525423
1777.248739299614,1,2,16,274992.46304438706
2726.6922385588505,3,1,20,407273.97190641
2789.7860728653563,4,1,28,443766.82146855333
1738.569986423366,3,3,8,286181.46234592615
1789.9065914520713,3,3,5,311281.1271761366
1859.1076955697463,1,1,18,271620.0073017407
1327.7747444828615,4,2,12,254950.02496090758
1540.674026757901,5,1,2,283090.6420948836
1497.929616623966,1,1,6,231843.01563058764
1616.1012174479358,1,2,21,227584.39916821348
1982.6575563066094,4,3,8,342394.65665540536
2117.10736626826,4,1,21,331193.15033143264
2775.2502464070385,3,3,4,454835.31330100883
1500.8229796306046,4,3,9,275386.2921935094
2492.161199238292,3,2,22,367082.4160273179
1893.0055778872456,1,2,16,273648.53422891785
1975.2681451737835,2,3,11,322980.033039996
2337.409746083302,5,1,22,382424.00874353456
1438.6389892188508,1,3,15,226461.52039638866
2191.204873092025,4,1,2,372872.78606595413
2083.226104106528,5,1,29,330592.7494794267
2246.2256320040747,2,2,24,341948.7987683146
2144.5843219539092,2,1,21,327829.07049570855
3227.650069955447,3,1,8,515818.8477801937
1681.130007874342,5,3,28,282679.91706656636
1734.5015224990912,3,2,14,296526.17577069317
1688.429736787618,1,1,4,267035.54746317584
1722.2614404198725,5,1,22,301261.35562637856
1681.306436346741,1,2,12,276124.68976468197
2594.508265553776,3,3,13,410148.9726193339
2710.2521239949274,5,2,19,439147.543210552
1714.6268531252617,3,2,14,292529.50836849475
1583.8222134478856,5,1,15,259924.40781589336
2235.707778193202,3,1,22,360157.93635591405
1723.8884778595143,2,3,12,281744.4497308005
2316.4659088777553,3,1,16,371020.21668275347
2101.46151042565,2,1,22,314655.31993523974
1242.127942501384,3,2,7,207995.2960973707
2773.752600665031,5,1,20,459618.33612107445
2897.9388365477607,5,3,1,531998.0557875374
1693.6056547578069,5,2,4,308090.7654501141
1806.1492200320079,4,3,5,322698.79749634874
2142.9326953624523,1,2,11,305748.90887169726
2167.2283949935127,5,1,17,375199.2882835881
2329.2721363364153,2,2,29,357708.4736788823
3005.1022693831746,5,2,21,472231.50178692705
1911.5263862529753,4,1,21,287880.10331747745
1600.851377730773,2,1,0,247635.39382796333
1310.3403859927364,4,3,29,229202.74915263863
1634.5349800290405,2,3,16,274430.16120049695
1983.4365135631015,3,1,29,290482.13759077736
2897.278931758894,1,1,10,444584.44007766206
1741.1943504819142,1,1,9,268967.92378219863
2111.893975819449,4,2,18,345511.3993043752
1991.788551963624,1,2,13,316870.2510613966
2594.196636724042,4,2,25,401080.1394963259
3263.4662129368107,4,1,9,537195.3240764606
1734.5656135398397,4,3,14,297099.6264908324
1755.280278740889,1,1,27,265707.40863080375
2522.080438534536,4,2,18,400659.00554536574
2340.9457448131557,1,2,3,368026.1409359721
2923.3536628680167,4,1,1,484888.920805626
2291.964092662982,5,1,8,391717.7993776721
1820.3539546064703,4,2,9,321161.37819715147
2295.327415346155,2,2,27,333042.28811945644
2554.3517902914537,4,2,10,424779.6444612517
2410.241090598682,3,1,13,384317.4806538295
2253.637015553649,4,2,6,379568.17009276606
2533.337344794577,2,2,22,391641.1878937807
2584.6477952228365,2,3,14,398433.47014854767
2691.0794955187635,1,1,21,392197.3854373077
2324.3549437948213,5,3,18,390521.4003251865
1916.4409598415727,4,3,21,320031.8346807457
2073.356843216661,1,2,14,332673.8810817112
2603.2544832541785,5,1,29,427352.7297497008
1591.5321645063818,4,2,27,273033.9892817695
2184.3366544364508,3,1,23,332427.9253646591
1803.3305938363196,4,3,7,332175.77184345
2014.3724114674087,2,1,10,318279.4829893693
2639.2259313036493,2,2,28,396739.78673057747
2095.5495340099515,3,2,8,347958.816625301
2023.2182740780745,1,2,14,328266.9196855024
1320.0719295100403,5,1,0,268669.17548207066
2373.1267830136103,4,3,29,389617.98163651256
2322.7420905705376,2,3,0,387708.3039304743
3081.62736165273,1,1,18,458039.7118304551
1846.1108825234996,3,2,2,323822.29842390225
2109.5751638319693,2,3,9,341420.18545625516
2124.691841855378,3,2,7,363686.9334379517
2788.7266398817374,4,1,14,439296.5448678316
1952.352233806524,5,2,9,349971.27195095265
2139.5107628851697,2,3,0,339029.4589348492
2303.9482548582696,2,3,28,347486.0529627192
2093.304561578179,4,2,17,368372.45556592126
1776.783192724736,1,1,1,292679.3938526295
2097.0449964491536,5,2,18,372311.43396671826
2536.815874929886,2,1,12,386449.30456593906
1486.7423502944698,5,2,21,262849.08091217483
2066.484837073438,2,3,0,363792.6480919588
1649.9395925304134,5,1,1,309621.8882266158
2597.5233144624212,3,1,28,398114.1559429464
1238.4065476081128,2,1,15,211066.80184451755
1720.5390763642058,5,3,14,301876.3117984916
2188.60593753226,1,2,12,336048.510235384
2782.7620146171703,3,3,15,432873.446565882
1967.124869463506,3,1,16,301917.6699001699
1722.4002366534007,1,2,20,269101.88941979985
2940.578534720295,5,3,28,469313.287546123
1275.993049791878,4,1,28,212154.20001003268
900.5970216899591,1,1,6,161474.40367317467
2220.007225026666,5,3,23,374621.7020040805
1748.9728878236945,1,3,25,268544.5675715523
1489.3835914346434,1,3,16,242640.6600106257
2354.1782236496765,2,1,6,360711.78291678586
2121.9003568855996,5,3,12,368720.53007982945
1717.9606846316358,4,1,4,289857.4905780274
1359.8478006645528,2,3,25,209609.93899885265
2436.2286641400724,1,1,16,370395.4066018218
2325.1005889793305,1,1,2,357413.1210374767
1950.4120681103086,1,2,6,309010.2779472281
2923.318498023833,5,3,25,469073.1585342626
1464.9576168369238,5,3,16,283807.8641708756
1237.2374145376307,2,1,6,199934.51227841122
1654.0459650593777,4,1,20,286336.7002780062
1977.206991822251,2,1,0,324190.33971183124
2121.6697246613458,3,2,16,328980.4629195711
1879.381971071835,1,2,29,269397.028195319
2176.0276982571486,1,1,16,313576.3864639107
1374.230287904778,1,3,10,231028.03695949822
2721.88230203663,2,3,24,417868.71748222585
1958.9244108037155,2,2,26,298270.76417083084
2558.647915794064,1,2,28,370503.656268644
2171.362673188852,2,1,2,344750.9779396946
2228.376609576892,5,3,14,378720.2713403775
2284.883640116102,5,1,28,374494.7753856306
2223.8542800086575,2,2,20,341846.61098330165
2321.361379933772,1,3,10,364057.2980530819
2664.5762650662155,2,3,25,408704.3007755107
2098.260584850735,2,2,27,309550.4697927525
2354.5018787942563,2,1,15,359061.7675513782
1955.1321528563867,3,1,24,303526.1210753929
2720.0586077247362,5,3,21,443467.42116814276
1661.8038489703652,4,2,27,261977.0574147627
2900.470216455408,4,3,8,500253.3734045379
1979.9210246778282,3,2,23,309760.5883736787
1284.6124489409758,2,1,23,186576.25925190627
2064.0522074553946,3,2,0,340169.1150627164
1659.4741712625596,3,1,28,260827.90206412633
2420.321774494362,1,2,24,347689.0080390459
1673.6880103488045,5,3,21,296700.2749427061
1776.9082833926102,4,1,15,278454.3918157256
1055.2296345272343,2,3,8,197866.1731827263
1773.8468403754616,4,3,18,317245.5884925051
788.0603366855216,4,1,11,156854.25395760842
1208.0485882571384,5,1,18,201262.48692451778
2380.207328072149,4,3,21,401218.72064991464
2392.9000793254163,4,3,8,402061.5219024089
2212.7287808924825,3,3,6,363999.59834665625
1516.5119284353934,5,3,13,279042.1788077325
1976.1443219290102,1,1,28,275787.9715558867
1998.1987304547158,2,1,18,300079.3230564045
1420.8176554037286,4,3,18,265259.39078960626
2751.6991508835754,2,2,1,465673.13259696256
2438.6811452878355,1,2,8,366510.8064196807
1889.517913085168,2,1,12,289139.36301952926
2013.4429194972654,1,3,14,317643.92128503934
2104.1914039737762,3,3,2,360341.54568669415
979.1325657878547,4,1,10,185863.87236096335
1876.4113087397016,1,2,20,290621.54987041315
1659.0078760011006,2,2,13,274744.8408228655
1499.1899950525421,4,2,29,250175.83493637963
1859.4498535570226,3,1,24,303708.43324275065
2898.843263424761,4,2,7,464537.01668455306
2320.4214306335048,1,1,17,359464.3025145719
1714.4105051086017,3,1,18,268431.6594253928
2286.291390678079,2,3,15,373794.9608084681
